,mentor_expectation,count,behaviour_confidence_score,outcome_confidence_score,strategy_confidence_score,knowledge_confidence_score,mutual_confidence_score,highest_score_cluster
0,I am very excited for people who want to start a business or growth development to increase their bottom line to make a profit Don t Expect a Miracle if YOU ARE NOT Putting in the WORK Easily Giving Up Is NOT Acceptable It Takes TIME before You May See the Best Results for your Products or Services to Sell When creating a product or service it supposed to be solving a problem and having positive solutions Providing the best valuable information to move forward in your ventures is important for you to TAKE ACTION Test the Information Given to see if it s a Good Fit for your company The First Step is to TRY and TEST and PROVE Please Do NOT FEAR the Unknown Embrace Your Purpose in the World Because Someone Is Needing What YOU RE Offering It s OKAY To Challenge The Incoming and Roar Loud of the OUT Going We All have Something To OFFER UNIQUENESS Just Because YOU RE Selling Something That Others Are Doesn t Mean People Will Not Want It From YOU I want to See My Mentees WIN And I Want Them To Have The Same Energy to WIN Figure out Your WHY you are starting a business Do You Like the Products or Services You Are Selling Would You Buy and Use the Products or Services You Are Selling,2808,0.752433180809021,0.8025354743003845,0.6213140487670898,0.7775455713272095,0.7572191953659058,outcome
1,Be willing to communicate to me values goals objectives and the nature of the business concept I do considerable listening up front before making recommendations,2402,0.7273569107055664,0.5474703311920166,0.8242886066436768,0.6522902250289917,0.6808629035949707,strategy
2,I take my responsibility as a mentor very seriously and require the same level of commitment from my mentees Honesty and a willingness to work towards mutually agreed upon changes are essential qualities in the mentor mentee relationship,837,0.7167605757713318,0.7936159372329712,0.5454439520835876,0.7574417591094971,0.7243658304214478,outcome
3,La relación le permite al beneficiario a reflexionar sobre lo que está yendo bien y las formas en que se están moviendo hacia sus objetivos,641,0.8618690967559814,0.848712146282196,0.8032949566841125,0.8722350597381592,0.8580464720726013,knowledge
4,Dar el mayor apoyo y compartir los conocimientos y experiencia a los emprendedores,625,0.8619197010993958,0.8499231338500977,0.8124574422836304,0.8894250988960266,0.8652347326278687,knowledge
5,To achieve a successful mentoring relationship we as a team must be 100 transparent and be willing to listen learn and grow,595,0.8424403071403503,0.7829344272613525,0.7990705966949463,0.8373260498046875,0.8247849941253662,behaviour
6,Tremendous testimonies on how I have been able to help transform people s lives and how I have been able to bring their dreams and desires to a limelight,517,0.8384191989898682,0.8004252910614014,0.7810695171356201,0.8515777587890625,0.8282390832901001,knowledge
7,,510,0.10953385382890701,0.040956318378448486,0.16184933483600616,0.08294397592544556,0.10068289190530777,strategy
8,The person should introduce themself and make it clear what the issue or problem is Do not just say hello you should get to the point on why you are contacting me Mentors such as myself are busy and we want to minimize back and forth conversations For best results a phone call WhatsApp or Zoom session www zoom us is highly recommended This allows me to ask questions and give more complete advice that fits with your situation Once again I am here to help those who can communicate and define their problems in a clear and concise way,477,0.5260560512542725,0.6437606811523438,0.3349575400352478,0.5828461050987244,0.5413238406181335,outcome
9,Trust,456,0.714348554611206,0.809219479560852,0.5867077112197876,0.7612127065658569,0.7384932041168213,outcome
10,Expectations for a Successful Mentoring Relationship For a truly effective mentoring experience here are the expectations we establish with our mentees Communication Scheduling Stay Connected Please regularly check your emails and messages We send all virtual meeting invites via email Remember a webcam isn t required for our virtual sessions Punctuality Notifications Please be on time for our scheduled meetings We understand that life happens so if you can t make it please notify us immediately to cancel or reschedule Commitment to Attendance Consistent no shows disrupt the mentoring process After three consecutive no shows for scheduled appointments we will remove you as a mentee and recommend you seek a mentor through the Mentor Micro Center Platform Timeliness Please aim to be on time a maximum of 10 minutes late is acceptable Core Principles of Our Mentorship Trust Confidentiality Our relationship is built on trust I commit to providing a safe non judgmental space for you to share openly Non disclosure agreements NDAs are available upon request to ensure your peace of mind Clear Goals Expectations We ll work together to define clear realistic goals for our mentoring journey We ll also establish mutual expectations roles and responsibilities from the outset Active Listening Constructive Feedback I ll actively listen to your concerns and provide constructive actionable feedback In turn I ask that you be receptive to this feedback and willing to learn and adapt Accountability Follow Through We both play a part in your progress I ll hold you accountable for your goals and provide the necessary support and guidance to achieve them Your commitment to follow through on agreed upon actions is crucial Mutual Respect Empathy A successful mentoring relationship thrives on mutual respect and empathy We ll foster a healthy supportive environment built on these foundational values We re excited to partner with you on your journey to success,454,0.5631662607192993,0.6763365268707275,0.3774675130844116,0.6209731101989746,0.5859107375144958,outcome
11,Project success nothing less,425,0.8295634984970093,0.8468424677848816,0.7509121298789978,0.8444366455078125,0.8300160765647888,outcome
12,UMKM mampu Naik Kelas Kewirausahaan budidaya ikan lele sehat mampu memenuhi kebutuhan pasar lokal dan regional Penganekaragaman olahan hasil budidaya ikan lele Kewirausahaan UMKM mampu naik kelas di tahun 2021 2023,414,0.8665338754653931,0.8228060007095337,0.8678462505340576,0.8531379699707031,0.8610159158706665,strategy
13,Como mentor espero que la relación de mentoría sea honesta abierta y basada en la confianza mutua Es importante que mi mentee se sienta cómodo compartiendo sus inquietudes sus desafíos y sus metas conmigo para que juntos podamos trabajar en soluciones prácticas y efectivas Además espero que mi mentee esté dispuesto a recibir feedback constructivo y a trabajar en áreas en las que pueda mejorar aunque a veces pueda ser difícil de aceptar Creo que es importante establecer una visión realista y alcanzable de los objetivos para poder trabajar en ellos de manera efectiva También valoro la comunicación abierta y efectiva para poder resolver dudas e inquietudes en cualquier momento del proceso de mentoría Como mentor mi objetivo es compartir mi conocimiento y experiencia para ayudar a mi mentee a crecer y desarrollarse en su área de interés brindando herramientas y recursos útiles que puedan ser aplicados en la práctica Espero establecer una relación de mentoría en la que ambos podamos aprender y crecer juntos en un ambiente de confianza respeto y compromiso mutuo,406,0.28708451986312866,0.4498743414878845,0.06807035952806473,0.3762509226799011,0.32509952783584595,outcome
14,Trust for you to help me understand the barriers you face and I can better support you Confianza para que me ayudes a entender las barreras a las que te enfrentas y pueda apoyarte de mejor forma,394,0.05016595497727394,0.21582815051078796,-0.16973687708377838,0.14998066425323486,0.07600115984678268,outcome
15,El éxito de mis mentorizados es mi éxito El trabajo en equipo logra grandes resultados,388,0.8816503286361694,0.8892771005630493,0.8539330959320068,0.8841884136199951,0.9007080793380737,mutual
16,El seguimiento y compromiso es lo más importante para una mentoria exitosa Muy preferentemente negocios en operación o un MVP Ademas de mandarme algún enlace de redes sociales o algo para ver información por mi cuenta IMPORTANTE No atiendo proyectos escolares únicamente si el proyecto lo van a sacar al mercado en la vida real No multiniveles redes de mercadeo y similares,375,0.8599338531494141,0.7921903133392334,0.8373492956161499,0.8336381912231445,0.8408973813056946,behaviour
17,To work with an entrepreneur who has a going concern and is looking for someone who can help them overcome the obstacles they face on the way improving lives in the communities they serve,370,0.9245567321777344,0.8679839372634888,0.9292640686035156,0.8995599746704102,0.9206497669219971,strategy
18,,364,0.10953385382890701,0.040956318378448486,0.16184933483600616,0.08294397592544556,0.10068289190530777,strategy
19,Que tu negocio emprendimiento crezca y puedas cumplir tus metas y objetivos comerciales,354,0.6935156583786011,0.7614592909812927,0.571242094039917,0.747713565826416,0.6956726312637329,outcome
20,Mentors have many different expertises and entrepreneurs have many different needs However no matter the difference in skill sets active and engaged listening on the part of both parties allows for the free exchange of information where knowledge transfer can best occur,346,0.8705759644508362,0.7947220802307129,0.8679479360580444,0.8492146730422974,0.863105297088623,behaviour
21,Colaborar en el cumplimiento del objetivo y metas de los emprendedores,344,0.8079996705055237,0.8540011644363403,0.706559419631958,0.8465273380279541,0.8093438148498535,outcome
22,We both contribute to the efforts to bring our collaboration together to grow your business,321,0.7325698137283325,0.8078755140304565,0.6196467876434326,0.7734150886535645,0.7617877125740051,outcome
23,I value transparency and clear articulation of ideas visions and goals in a successful mentoring relationship This openness allows me to assess your needs and provide a tailored work plan for your business or organization I encourage an environment where differences of opinion are acknowledged and we can agree to disagree when necessary It s perfectly acceptable if you don t have all the answers my role is to assist you I appreciate your honesty about your limitations and your willingness to acknowledge the need for further learning or knowledge cultivation when necessary,316,0.7828230857849121,0.8430380821228027,0.6476231813430786,0.8253481984138489,0.7976824045181274,outcome
24,Suspend judgement listening analyzing testing ideas and mentoring expectation setting These are the 5 important elements of a mentoring process to get the mentee to full success Continuous learning,315,0.8865385055541992,0.8795329332351685,0.8093252182006836,0.8917962908744812,0.8865952491760254,knowledge
25,I am happy to volunteer my time but the work has to be put in by the student,312,0.8618992567062378,0.7537392377853394,0.9156202077865601,0.8173185586929321,0.8410243391990662,strategy
26,I have a lot of experience to share and I genuinely enjoy mentoring and consulting the more you lean on me the more successful the relationship can be,311,0.8774386644363403,0.8658568859100342,0.8091965317726135,0.8990342617034912,0.8851916193962097,knowledge
27,Relación para futuros negocios,308,0.830380380153656,0.8241537809371948,0.7736086845397949,0.8502852916717529,0.8297473788261414,knowledge
28,Good chemistry is important between coach mentor and coachee mentee as this would make the process more effective and efficient Expect an interesting journey which starts with a closer view and appreciation of yourself as an entrepreneur and your resources discovering your potential and going through a challenging decision making process It is going to be an exciting adventure of meaningful change,302,0.9171924591064453,0.8849786520004272,0.8634740710258484,0.90901780128479,0.9134415984153748,behaviour
29,1 Self Discipline and commitment to the relationship 2 Be open for self change and also open to change things in their control or sphere of influence,300,0.8949873447418213,0.8014039993286133,0.8997669219970703,0.861370325088501,0.8694770336151123,strategy
30,If I am able to provide the entrepreneur with help that is effective then it will be successful,295,0.9016879200935364,0.8695688247680664,0.9335933327674866,0.8701884746551514,0.9029996395111084,strategy
31,que puedas ser humilde y tener fe para hacer las cosas de buen animo,294,0.7881186008453369,0.8379027843475342,0.6944506764411926,0.8191575407981873,0.8001308441162109,outcome
32,I m ready to help anyone no matter at any level you are operating now because a long ago when I started nobody was there for me and now I m here to help with my experience which I gained in the past several years,293,0.8310635089874268,0.7883216142654419,0.8031951785087585,0.8343736529350281,0.8224519491195679,knowledge
33,Listing and advising according to the demand but still consider the supply and strategic side as an issue to be discussed,287,0.8370093107223511,0.7374134063720703,0.8353210091590881,0.8038803935050964,0.8121882677078247,behaviour
34,Memahami yang dibutuhkan oleh UMKM dan memberi solusi terhadap permasalahan yang di hadapi,286,0.8470982313156128,0.8208103775978088,0.8016724586486816,0.8595192432403564,0.8410083055496216,knowledge
35,My prospective client must be prepared to work together with me to achieve the client s objective Complete honesty from the client I will NOT tolerate any scams or underhand business dealings,285,0.8723804354667664,0.7529566884040833,0.8813641667366028,0.8271528482437134,0.8329374194145203,strategy
36,Poder el canal para ayudarle a qué tengo una capacitación completa y de no cometer tanto errores durante el desarrollo y ser más factibles su emprendimiento aumentando sus probabilidad de éxito más rápido,280,0.8348864316940308,0.7820231318473816,0.7893544435501099,0.8420774936676025,0.8148484230041504,knowledge
37,,277,0.10953385382890701,0.040956318378448486,0.16184933483600616,0.08294397592544556,0.10068289190530777,strategy
38,Responsabilidad Compromiso Disciplina Perseverancia Respeto yGratitud La Comunicacion entre Mentor y Mentoreado debe partir por la confianza la empatia y la sinceridad,274,0.8325953483581543,0.8133139610290527,0.7616614103317261,0.8379956483840942,0.8243149518966675,knowledge
39,My expectations for a successful mentoring relationship would be honesty having a growth mindset and being ready to action entrepreneurs,271,0.9300601482391357,0.8490676879882812,0.9111722707748413,0.9016007781028748,0.9060924649238586,behaviour
40,Mis expectativas en una relación de mentoría exitosa se centran en el compromiso mutuo la comunicación abierta y el crecimiento Espero que los emprendedores estén igualmente comprometidos y abiertos a aprender y aplicar nuevas estrategias y consejos Valoro la sinceridad y la disposición para discutir tanto los éxitos como los desafíos ya que esto fomenta un ambiente de aprendizaje genuino y efectivo Como mentor me esfuerzo por proporcionar orientación personalizada y práctica adaptada a las necesidades individuales de cada emprendedor y espero que estos aprovechen al máximo estos recursos Una relación exitosa de mentoría para mí también implica ver el desarrollo y el progreso de los emprendedores observando cómo implementan estrategias y adaptan sus negocios con éxito lo que es profundamente gratificante La retroalimentación bidireccional es esencial ya que también busco aprender enriqueciendo mi propia comprensión del mundo empresarial Me gusta ver acción y empuje constante además de gran disciplina,270,0.7020696997642517,0.7707871794700623,0.5254063606262207,0.7499216794967651,0.7115875482559204,outcome
41,A successful long term relationship,266,0.7566736340522766,0.8182011246681213,0.6451651453971863,0.7960159778594971,0.7748380899429321,outcome
42,I am looking for an entrepreneur to be honest and prepared to work The journey for an entrepreneur is full of surprises and can be successful with planning and commitment,262,0.9350957870483398,0.8735136389732361,0.9304602146148682,0.9120540618896484,0.9296297430992126,behaviour
43,For successful mentoring is that goals are finally met with realistic expectations difficulties are addressed and way forward is agreed upon,260,0.7556049823760986,0.7970750331878662,0.6352180242538452,0.7918238639831543,0.7549169063568115,outcome
44,I favor action over planning for entrepreneurs If you have been planning to start a business for a while and have gotten started reach out I will be asking you to try things and if you don t do something we will be done,253,0.926415741443634,0.8949998617172241,0.899484395980835,0.9004536867141724,0.9283862113952637,mutual
45,For a mentoring relationship to be successful I expect open and transparent communication a genuine willingness to learn and grow and a proactive approach from both parties I anticipate that mentees will actively seek guidance and advice when faced with challenges provide regular updates on their progress and demonstrate a strong commitment to implementing suggested strategies Additionally a successful mentoring relationship requires mutual respect a willingness to listen and the flexibility to adapt and refine approaches as needed Ultimately I aim to foster an environment where the mentee feels empowered to take ownership of their development and work towards achieving their goals,252,0.6481975317001343,0.7358344197273254,0.4552338123321533,0.6981632709503174,0.6544493436813354,outcome
46,To record excellent mentoring results by taking the organisation to next level in profitability and growth,251,0.8328312039375305,0.7914361953735352,0.7924322485923767,0.834893524646759,0.824410080909729,knowledge
47,El 97 3 de los emprendedores abandona las mentorías dentro de las 3 primeras sesiones Por lo que esperamos como mínimo un poco de consideración responsabilidad compromiso y por sobre todo transparencia y respeto por el tiempo y recursos invertidos de nuestra parte esta actividad es voluntaria por lo que se espera que el beneficiado entienda que debe poner de su parte también para obtener resultados,241,0.864211916923523,0.8161385655403137,0.8012067079544067,0.8535176515579224,0.8409605026245117,behaviour
48,El éxito del emprendedor o emprendedora que me de el honor de ser su acompañante en el profesores,239,0.8774844408035278,0.8236120939254761,0.8558878898620605,0.8652888536453247,0.8660876750946045,behaviour
49,I expect a great successful experience with any mentees Your NETWORK is your NETWORTH Surround yourself with 5 successful people and you ll be the 6th Relationships will take you places that your hustling can t,239,0.9025774598121643,0.8256290555000305,0.8832478523254395,0.8776206970214844,0.881065845489502,behaviour
50,Aprender de los empresarios y aportar en su crecimiento Lograr resultados,239,0.8005566000938416,0.8158268928527832,0.712334394454956,0.8362442255020142,0.8023788332939148,knowledge
51,تحقيق الهدف لرائد الاعمال,236,0.9087467193603516,0.906162440776825,0.8754775524139404,0.9105815887451172,0.9049845337867737,knowledge
52,We provide mentoring in English only and have a scheduling system that will automatically set the mutually available time Keep in mind that our hours of operation are in Los Angeles California,234,0.8499326109886169,0.7650471925735474,0.8543694019317627,0.8242095708847046,0.829796314239502,strategy
53,We guarantee professional service that will help fulfil your strategic objectives and operational requirements with the highest levels of professionalism and efficiency نضمن لك خدمة احترافية تساعد في تحقيق أهدافك الاستراتيجية ومتطلباتك التشغيلية بأعلى مستويات الاحتراف والكفاءة,234,0.04903508722782135,0.22184757888317108,-0.1741468608379364,0.14459192752838135,0.07336125522851944,outcome
54,Simple formula for a mutually beneficial relationship 1 learn something new everyday 2 meet someone new everyday with intent to verify perspective s 3 don t let emotions nor greed get in the way of intellectual decisions,229,0.7184171676635742,0.7087869644165039,0.6050606966018677,0.7377793788909912,0.7008538246154785,knowledge
55,El éxito y traspaso de la meta del emprendedor deseoso de lograr su sueño se haga realidad compromiso de buscar sus metas y aplicación al proyecto,229,0.8042284250259399,0.8638981580734253,0.6815105676651001,0.8518481254577637,0.8145991563796997,outcome
56,أن تكون محدد في عرضك للموضوع,227,0.7985988855361938,0.8329858779907227,0.6877185106277466,0.8141828775405884,0.7961026430130005,outcome
57,Disciplina dedicar el tiempo necesario pasión por lo que vas hacer respeto mutuo honestidad mente abierta,224,0.7661095857620239,0.7885093688964844,0.6630697846412659,0.7875829935073853,0.7678604125976562,outcome
58,My expectation is to help entrepreneurs reach their goals faster using Lean methodologies,221,0.9132088422775269,0.8533100485801697,0.8640961050987244,0.8988660573959351,0.8885928392410278,behaviour
59,Cumplir con un horario de un par de veces a la semana 1 hora por vez por un período a convenir mínimos un mes,220,0.7689792513847351,0.7080563306808472,0.7303285598754883,0.7710642218589783,0.7440383434295654,knowledge
60,Resultados y seguimiento satisfactorio,219,0.7909361124038696,0.8139145374298096,0.6993795037269592,0.8121811151504517,0.7891431450843811,outcome
61,Que de mí 100 que doy con que tan solo se lleven el 1 me alegra por qué pude contribuir en algo Sobre todo y no menos importante que si pactar una reunión que se comprometan a asistir Sino que no la soliciten para que ese tiempo perdido lo pueda usar ayudando a otro emprendedor mas comprometido,218,0.7938244342803955,0.7396609783172607,0.736289918422699,0.785065770149231,0.7745628356933594,behaviour
62,La disposición de desaprender aprender aplicar y duplicar a favor de una evolución holística,214,0.8444350957870483,0.8058604001998901,0.79257732629776,0.8420819044113159,0.8385332822799683,behaviour
63,On time response and communication mentee should also be research minded and ready to do the work to succeed,213,0.8449540138244629,0.7294329404830933,0.8777898550033569,0.7983312010765076,0.8101385831832886,strategy
64,Creo que muchas veces lo que nos hace falta como emprendedores es una persona con la que hablar sobre temas de negocios así que lo primero que espero es que se sientan con la confianza de preguntar todo lo que quieran respecto a negocios empresas innovación y finanzas Que estén conscientes que mi trabajo aquí es voluntario no recibo ningún pago por compartir mi tiempo y conocimiento con ellos Que se comprometan si solicitan mi ayuda estén atentos a mi mensajes para responderlos Normalmente no tardo más de 6 días en contestar y ofrecerles una primera reunión online a través de zoom Sino estás dispuesto a trabajar en desarrollar tu negocio o en mejorarlo por favor no me busques como mentora Puntualidad y Responsabilidad Las metorías las doy en un proceso que preparo dependiendo del momento en que se encuentre el negocio este proceso incluye actividades que desarrollar entre mentoría y mentoría Sino las desarrollan pierden información valiosa Las mentorías tienen una duración determinada si no se conectan puntuales corren el riesgo de perder la parte más relevante la que les resolverán o evitarán problemas Que aprovechen al máximo el tiempo que les concedo que tengan listas las dudas que quieran resolver no esperen a que yo hable de determinado tema para mencionarlas ABRIL 2022 es el último mes en que podrás contactarme por esta plataforma,210,0.7939724922180176,0.6865236759185791,0.8420147895812988,0.7520960569381714,0.7631211280822754,strategy
65,Guidance in change processes management and decision making 6 months meetings every 15 days 90 min 1 1 With a methodology based on 5 steps 1 Current situation detailed analysis 2 Setting goals from 3 to 6 months 3 Sales strategy review and improvement 4 Change of mindset from entrepreneur to businessman 5 Elevator Pitch enhanced To strive Control Structure Sales,207,0.7503930926322937,0.7890346050262451,0.624854564666748,0.7920162081718445,0.7549277544021606,knowledge
66,Mentors have many different expertises and entrepreneurs have many different needs However no matter the difference in skill sets active and engaged listening on the part of both parties allows for the free exchange of information where knowledge transfer can best occur يتمتع المرشدين بالعديد من الخبرات المختلفة ولدى ريادي الأعمال العديد من الاحتياجات المختلفة ومع ذلك بغض النظر عن الاختلاف في مجموعات المهارات فإن الاستماع النشط والمتفاعل من جانب كلا الطرفين يسمح بالتبادل الحر للمعلومات حيث يمكن أن يتم نقل المعرفة على أفضل وجه,207,-0.049393538385629654,0.11186614632606506,-0.2679038643836975,0.0428784005343914,-0.022050533443689346,outcome
67,I am very excited to help people who have a passion for starting or growing their businesses to increase their bottom line to make a profit my biggest expectation in supporting people is a quality relationship with effective communication and respect mutual excitement and passion for business growth and impact أنا متحمس جدا لمساعدة الأشخاص الذين لديهم شغف لبدء أعمالهم أو تنميتها لتحقيق أو زيادة الارباح وأكبر توقعاتي في دعم الناس هو علاقة جيدة مع التواصل الفعال والاحترام والشغف المتبادل بنمو الأعمال وتأثيرها,206,-0.05011887848377228,0.11641518771648407,-0.2749137282371521,0.03962665796279907,-0.023501161485910416,outcome
68,I want to help world changers people with a product service message that is noble or at least practical If your end goal is merely to get rich or your big plan is to live comfortably from donations expect some blunt advice from me Most of my clients get most of my value to their business very quickly because I am a bottom line personality and my top talent is ideation I m happy to help as frequently as needed within the limits of my availability However out of mutual respect I expect your best efforts at implementing my some of my advice before you solicit more of my time I often offer tough love advice designed to make your organization tougher and stronger Life is too short and the world needs you too much for me to waste time getting to the truth and sharing practical wisdom,204,0.8117085695266724,0.8199231624603271,0.7047062516212463,0.8370507955551147,0.803584098815918,knowledge
69,Commitment to the mentoring program,204,0.840455174446106,0.8234623074531555,0.7628039121627808,0.8598031997680664,0.8306560516357422,knowledge
70,Growth of business is key and also growth of Mentee And fhis growth is measured through increased sales and clients,200,0.7927886843681335,0.6571784019470215,0.8649853467941284,0.7370079755783081,0.758522629737854,strategy
71,Looking forward to learning together as well as seeking help from others who are more experienced on different areas of business,200,0.8691796660423279,0.8401709198951721,0.7994191646575928,0.8827821612358093,0.8669726848602295,knowledge
72,Conversations mutual respect collaborated learning understanding,196,0.6839804649353027,0.736328125,0.5354703664779663,0.7302093505859375,0.6999818086624146,outcome
73,The main expectation is to help your business develop How we will work together is something we can discuss in the first mails and calls as I don t believe there is a blueprint solution that works for everybody In general I value open discussions and communication and am looking for long term mentoring relationships Anything else we can discuss and agree on together as the cooperation style should be something both sides are happy with,195,0.8175435662269592,0.8260083198547363,0.7125567197799683,0.8362022638320923,0.8320572376251221,knowledge
74,See the vision or objective of your venture become a reality,194,0.6709604263305664,0.7539201974868774,0.5407105684280396,0.7195417881011963,0.6808905601501465,outcome
75,Simple Know what you want and be committed to show up every day and do what is required to achieve sustainable success,189,0.8605153560638428,0.7958984375,0.8428667783737183,0.8364966511726379,0.8377621173858643,behaviour
76,Establecer una comunicación abierta y honesta donde podamos aprender y crecer juntos Espero una relación colaborativa y enriquecedora que impulse el desarrollo económico y profesional de ambas partes,187,0.8375641107559204,0.8484228253364563,0.7367827296257019,0.8553140163421631,0.8429510593414307,knowledge
77,Poder servir y ayudar a crecer a otros con el objetivo de generar más empleo y calidad para todo el entorno,186,0.8240197896957397,0.8487057685852051,0.7390179634094238,0.8656765222549438,0.824250340461731,knowledge
78,Que esté dispuesto a hacer cambios a trabajar duro en sus metas con mi apoyo mes tras mes Ser honestos y puntuales al agendar citas de seguimiento,185,0.8262704610824585,0.8220224380493164,0.7558033466339111,0.8422077894210815,0.8179176449775696,knowledge
79,Sharing My knowledge is the biggest Moivation,184,0.8590413331985474,0.7639038562774658,0.8967822194099426,0.8215926885604858,0.8394477963447571,strategy
80,As long as you ve read the above and qualify for my help you ll then need to implement the recommendations and commit to make changes for improvement,184,0.8826180696487427,0.7675047516822815,0.9202379584312439,0.8331993818283081,0.8578977584838867,strategy
81,Dedication,183,0.7375092506408691,0.815801203250885,0.605532705783844,0.7773537635803223,0.7530657052993774,outcome
82,que se logren los resultados,182,0.8344821929931641,0.8374606370925903,0.7923837900161743,0.8346444368362427,0.8291150331497192,outcome
83,Que se cumplan los objetivos planteados por el la emprendedor a Medir los resultados de todo el proceso de mentoría basado en el cumplimiento de objetivos,182,0.8637524843215942,0.8593239784240723,0.7928072810173035,0.8841906189918518,0.8627599477767944,knowledge
84,My expectations are for mentees to be open minded and willing to think of things in ways they perhaps have not previously,181,0.8825349807739258,0.8466157913208008,0.8024433851242065,0.8691847324371338,0.8551392555236816,behaviour
85,Commitment and willingness to unlearn and relearn,178,0.833522617816925,0.8308814764022827,0.7465099096298218,0.8517980575561523,0.8315614461898804,knowledge
86,Sharing and exchanging the experience skills and the qualifications for letting the project be always on the right track The honesty transparency and the trust are the three elements for a healthy ongoing mentoring relationship,177,0.8218494653701782,0.8351805210113525,0.7218955159187317,0.8574129343032837,0.8214329481124878,knowledge
87,Achieve the mentee s their goals,177,0.8774097561836243,0.8329809904098511,0.8490417003631592,0.8612843751907349,0.8587545156478882,behaviour
88,Time to time better and open communication to understand client requirements in all dynamic scenarios and working towards fulfilling it in as a short term midterm and long term goals,174,0.7948461174964905,0.7547439336776733,0.7305363416671753,0.8038498163223267,0.7758525609970093,knowledge
89,I expect mentees to learn to grow to activate and actualise on these knowledge,173,0.8868853449821472,0.7938283681869507,0.8580704927444458,0.8548384308815002,0.8602771759033203,behaviour
90,Hablar abiertamente de las expectativas y sensasiones del emprendedor,172,0.8797458410263062,0.8639546632766724,0.8309619426727295,0.8854900598526001,0.8752609491348267,knowledge
91,development,172,0.7811617851257324,0.836985170841217,0.6828690767288208,0.8134790062904358,0.8017426133155823,outcome
92,1 There are two kind of people exist with whoom you can work one who doesn t know anything and second who knows everything It is difficult to mentoring those who knows little a bit but shows like knows everything 2 Respect 3 Trust 4 Flexible 5 Punctual 6 Serious about their business,169,0.859899640083313,0.8308079838752747,0.8148983716964722,0.8473824858665466,0.8558173179626465,behaviour
93,اتوقع علاقة الارشاد والتثقيف تكون ناجحة تماما في حالة ما يكون الطرف التاني متقبل عملية الارشاد والاصلاح,168,0.8762854337692261,0.845076322555542,0.8119217157363892,0.8710129857063293,0.8642638921737671,behaviour
94,Discipline Curious Minded Proactive Ready To Learn Open Minded Understand That There Is No Overnight Success,168,0.791149377822876,0.7665682435035706,0.737860918045044,0.795989990234375,0.7795348167419434,knowledge
95,Que el emprendedor pueda fortalecer su habilidades y potenciar su negocio,168,0.7778685092926025,0.8197740912437439,0.6822363138198853,0.821455717086792,0.7873462438583374,knowledge
96,Una Relación Ganar Ganar a largo plazo dentro del Área de Especialidad del Marketing Digital Interactivo,167,0.7993931770324707,0.8208792209625244,0.7104660272598267,0.8275145292282104,0.8038136959075928,knowledge
97,I will develop a true understanding of your world as the entrepreneur Your vision for your business Your values as to what matters most to your success Your long term and short term goals Your personal dream of what you are going to accomplish We will create and develop a fact based plan for your business we will establish true trust in our communications and actions,165,0.884217381477356,0.8458609580993652,0.8408637642860413,0.8838038444519043,0.8776543140411377,behaviour
98,Helping young business owners develop good habits in establishing their company and getting them off to a good start Maintaining change in difficult times and how to change or enhance strategies around them,164,0.8513792157173157,0.842837929725647,0.779141366481781,0.8692507743835449,0.8473126888275146,knowledge
99,All I expect is to be transparent and provide me feedback on my consultancy so we can improve grow and work together with trust and credibility,164,0.8344917297363281,0.7821469902992249,0.7711623907089233,0.8360568881034851,0.8230934143066406,knowledge
100,SINERGIA EN TRATO Y COMPROMISO AL 100,163,0.8058016300201416,0.7947162985801697,0.7410531044006348,0.8114445805549622,0.8001118898391724,knowledge
101,Provide options and discuss ramifications Understanding of priorities and where best to invest capital resources,163,0.850447416305542,0.7830922603607178,0.826138973236084,0.8425244688987732,0.8349015116691589,behaviour
102,Is to see all people I help succeed from those with only passion SMMEs to entrepreneurs,161,0.8565372228622437,0.7484138011932373,0.8645447492599487,0.8245975971221924,0.8257980346679688,strategy
103,Espero que la persona que me escoja como mentora alcance el éxito y aprenda a mantenerse alli,157,0.8316246867179871,0.7249680757522583,0.8178061842918396,0.8063234090805054,0.7963875532150269,behaviour
104,You only get as much as you put in I expect my mentees to do the upfront work I assign to them before each conversation so that we are able to maximize the productivity of our time together,155,0.8621048927307129,0.804492712020874,0.8014906644821167,0.8392295837402344,0.8416069746017456,behaviour
105,After identifying the needs of the mentee we can develop a plan for success,154,0.845684289932251,0.8097613453865051,0.8096263408660889,0.8460085391998291,0.8358601927757263,knowledge
106,Que la persona aproveche las herramientas que tiene detecte necesidades y recursos y logré conseguir aquello que tanto quiere,153,0.8392259478569031,0.7715486884117126,0.8168810606002808,0.8222872018814087,0.8164162039756775,behaviour
107,Reasonable expectations and a good fit,151,0.8348906636238098,0.8543782234191895,0.7386631369590759,0.8438157439231873,0.8367644548416138,outcome
108,To communicate with the largest possible number of entrepreneurs and business owners and provide them with the advice and advice they need,150,0.916608989238739,0.8350429534912109,0.9379066228866577,0.8865154981613159,0.9037297964096069,strategy
109,Honesty and integrity,149,0.6709644794464111,0.7822162508964539,0.5149720907211304,0.7262150049209595,0.6952456831932068,outcome
110,I expect the entrepreneurs to have excellent computer skills,147,0.6901440620422363,0.5086783766746521,0.8011748790740967,0.6069604754447937,0.6436424255371094,strategy
111,I am focused on achieving measurable results If you want to be the very best I will work with you to make that happen Know what challenge or problem you need addressing and be willing to act on the advice Be prepared to work hard If you take your success seriously so will I,147,0.6613794565200806,0.7780419588088989,0.5026081204414368,0.7114225625991821,0.6905282735824585,outcome
112,By Guiding the best following up to check the results I believe true mentor is the one who just don t give suggestions disappear,147,0.8123044371604919,0.6730434894561768,0.850085973739624,0.7588675022125244,0.7760534286499023,strategy
113,Que el la mentee este comprometido con el proceso y avance con las actividades estrategias y tácticas conversadas en la sesión Sea responsable Con una comunicación sea clara y precisa Ser proactivo,146,0.7853142619132996,0.8275195360183716,0.6752367615699768,0.8108877539634705,0.7847141623497009,outcome
114,La disposición a escuchar nuevas ideas y formas de abordar y ver las cosas un compromiso de ambas partes en el avance de los objetivos definidos una comunicación transparente efectiva cordial y amena en confianza respeto y con ausencia de juicios,145,0.7570536136627197,0.7857539653778076,0.6161060333251953,0.7895491719245911,0.7560075521469116,knowledge
115,I just want to help others to achieve their dreams What that means will be up to them,144,0.845986008644104,0.8011674880981445,0.8148382902145386,0.8444956541061401,0.8295959234237671,behaviour
116,Punctuality and consistency,143,0.5496110916137695,0.6998695731163025,0.3690456748008728,0.6152544617652893,0.5789684057235718,outcome
117,Que sea una relación amena y de resiprocidad dónde el emprendedor pase de un punto a a un punto donde ya esté preparado para compartir lo que ha aprendido,143,0.8321634531021118,0.8432824611663818,0.739190936088562,0.8597068786621094,0.8367170095443726,knowledge
118,I expect that the mentoring relationship will be one that develops over time rather than being a one time event,143,0.7778586149215698,0.8126403093338013,0.6233410239219666,0.8096250295639038,0.7775492668151855,outcome
119,Espero un desarrollo integral con gran desempeño en las empresas que brindo mi apoyo así como en la creación de productos y servicio de triple impacto que son las que están cambiando las nuevas formas de negocios y empresas sustituyendo empresas obsoletas en su forma de generar un valor de productos y servicios para clientes medio ambiente y sus colaboradores,143,0.7923523187637329,0.812756359577179,0.6792099475860596,0.8143778443336487,0.7923717498779297,knowledge
120,Semua macam binaan dan pendampingan di Sekolah Tinggi Umkm mulai dr mindset Bisnis produk branding tehnik pemasaran legalitas dan pendanaan Pembinaan Berkala,143,0.8411377668380737,0.8122346997261047,0.7654397487640381,0.8483563661575317,0.8326581716537476,knowledge
121,I expect open communication and commitment from the entrepreneur A successful relationship is built on mutual respect where both parties are willing to share ideas and feedback I look for mentees who are proactive receptive to advice and dedicated to implementing strategies discussed during our sessions,142,0.9024889469146729,0.7784379720687866,0.9376143217086792,0.8423520922660828,0.8766526579856873,strategy
122,Me gustaría que sea una relación de Respeto y Compromiso para aprovechar el tiempo y tener una experiencia que sea un real aporte,141,0.8975933790206909,0.8313981294631958,0.8491456508636475,0.8804765343666077,0.8751948475837708,behaviour
123,Compromiso total con tus objetivos Tu éxito depende de tu nivel de compromiso con el proceso Estaré a tu lado pero necesitas estar dispuesto a hacer el trabajo,141,0.8714639544487,0.8677123785018921,0.8158406615257263,0.8826828002929688,0.868882417678833,knowledge
124,Open minded transparent and honest about circumstances Execution monitoring and evaluation of results,137,0.8854849934577942,0.9072644710540771,0.7956275343894958,0.9135046601295471,0.8882816433906555,knowledge
125,Cordial and long term relationship,136,0.6805580854415894,0.757321298122406,0.5383415818214417,0.7281935214996338,0.7002916932106018,outcome
126,My mentorship style is one of listening serving as a sounding board for your thoughts and ideas and plans asking questions to prompt your thinking and helping you to develop clarity in your priorities and use of time My interest in volunteering for MicroMentor is to use what I have learned over my career to serve others To help others work towards their goals and dreams,135,0.8986318111419678,0.8377881050109863,0.8782230615615845,0.8875558376312256,0.8811863660812378,behaviour
127,Saya berharap saya bisa menjadi teman bertumbuh bagi UMKM untuk mengembangkan usahanya,134,0.8388214111328125,0.8066270351409912,0.7660317420959473,0.8413373231887817,0.8261634707450867,knowledge
128,Mutual respect Flexibility Humility,133,0.7061640024185181,0.7766827344894409,0.5582950115203857,0.7475854158401489,0.7276160717010498,outcome
129,Mendapatkan mentee yang mempunyai integritas yang tinggi untuk memajukan usahanya dan aktif melakukan mentoring sampai pendampingan berhasil,133,0.8839906454086304,0.8222872018814087,0.8591210842132568,0.8678704500198364,0.8709573149681091,behaviour
130,Poder aportar en el desarrollo sano de un producto y servicio con técnicas e instrumentación combinadas o creadas para tal fin Siempre se está aprendiendo,131,0.8375307321548462,0.7377949953079224,0.8670192956924438,0.8073310852050781,0.8193982243537903,strategy
131,Saber que puedo apoyar a las personas a obtener mejores resultados y que pueda lograr que crezcan sus negocios,131,0.7766889333724976,0.8374266624450684,0.6590779423713684,0.8276549577713013,0.7914175391197205,outcome
132,Open communication that allows us to discuss available data reasonable approaches and continuous refinement improvement,130,0.8466580510139465,0.8010742664337158,0.7879172563552856,0.8436003923416138,0.8355227708816528,behaviour
133,Honesty and willingness to learn are key Let s not waste each other s time,129,0.8439335823059082,0.7385678291320801,0.8520311117172241,0.8060997724533081,0.8133056163787842,strategy
134,To truly excel in our studies together a willingness to learn is an essential quality Continuously expanding our knowledge and refining our skills is crucial for success Additionally I value the exchange of ideas and perspectives so I encourage you to share any novel insights or perspectives that you come across as we delve deeper into our subject matter Your contributions will undoubtedly enrich our learning experience and foster a deeper understanding,128,0.7204984426498413,0.7955841422080994,0.5579516887664795,0.7731975317001343,0.7447596788406372,outcome
135,Having a clear expectation on your business plan this doesn t mean having all the answers but you need to know which direction your going and what obstacles you need help overcoming Coming to me and asking to do your entire business plan is a good way for me to ignore you,128,0.6801707744598389,0.504206657409668,0.792159378528595,0.6022210121154785,0.633590579032898,strategy
136,Saya selalu berusaha menyelasaikan masalah yang dihadapi dan menjadikan masalah sebagai batu loncatan keberhasilan selanjutnya,127,0.8831021785736084,0.8194911479949951,0.8555436134338379,0.8613909482955933,0.8581900596618652,behaviour
137,Successful entrepreneurship,127,0.8650907874107361,0.9089286923408508,0.7854692339897156,0.8883603811264038,0.8824375867843628,outcome
138,Successful mentoring requires several key elements including having well defined goals and objectives effective communication trust discipline strong support active listening with feedback collaboration and fostering partnerships It s essential for both the mentor and mentee to openly share their personal career development and professional goals as well as any challenges they may face In this regard mentees are asked to complete a questionnaire to help identify their specific areas of focus and they are encouraged to list the top three objectives they hope to achieve during the mentoring sessions,125,0.7133951187133789,0.7574716210365295,0.5545714497566223,0.7500423789024353,0.7086657285690308,outcome
139,Me gusta enseñar y ver cómo a los otros emprendedores les va bien en sus proyectos Si a ellos les va bien a mi me va bien,125,0.8430420160293579,0.8753800392150879,0.7496300339698792,0.8666659593582153,0.8533263206481934,outcome
140,Willing to put in the hard work the dedication and passion into anything you do If you are hesitant of doing so no need to waste time Entrepreneurship is a state of mind where you must learn to accept failure handle disappointment sacrifice a lot and learn to self motivate,124,0.8838221430778503,0.8552577495574951,0.8487687110900879,0.8794189691543579,0.8812152743339539,behaviour
141,My expectations are simple don t just learn but put in the work so we can see the results Also please show up at our scheduled time,124,0.8232378959655762,0.8019492626190186,0.7238590717315674,0.8076890707015991,0.7939493656158447,behaviour
142,Mentored 5 startups in last 2 years in Financial Services Automotive services IoT NGO Startup incubator in India Currently workig with 2 startups,123,0.6248836517333984,0.4584595561027527,0.7418428659439087,0.5625617504119873,0.5879048109054565,strategy
143,I expect a mentee to Exercise reason Show passion and perseverance Change their opinions and beliefs when faced with new evidence Question my suggestions and advice,123,0.8622744083404541,0.8060872554779053,0.7692140936851501,0.8475887179374695,0.8299022912979126,behaviour
144,العمل كمرشد اعمال مع رواد اعمال جادين,123,0.8214380741119385,0.795786440372467,0.7629443407058716,0.8355785012245178,0.8165837526321411,knowledge
145,Commitment adaptability leadership resources respect,122,0.7132900953292847,0.7527511119842529,0.5891289710998535,0.7497866153717041,0.7243648767471313,outcome
146,السرية في العلاقة بين المرشد و رواد الاعمال الالتزام بالتعهدات وضع برنامج و الالتزام به قبول الاختلافات الانفتاح و الاستفادة من تجارب الآخرين الثقة المتبادلة بين المرشد و رواد الاعمال,121,0.8287523984909058,0.8120400309562683,0.7259213924407959,0.8478373289108276,0.8196982145309448,knowledge
147,Have a skill or service that you want to provide in your community Be committed to providing quality and integrity in your business Have a can do attitude and be ready to brainstorm ideas together,121,0.8607114553451538,0.8471411466598511,0.7868720889091492,0.8704598546028137,0.8586005568504333,knowledge
148,The mentee must be willing to do the work I provide guidance and recommendations in an advisory capacity as well as a sounding board for strategies and techniques I cannot help with fundraising other than providing resources where you might be able to get grants AC VC options apply for small business personal loans etc No MLM or financial schemes please Note You must be English speaking And you must be targeting these English speaking countries United States of America Canada United Kingdom Australia and or New Zealand I ve found that I m not useful to those outside those regions because of cultural and language differences in the marketplace,121,0.8718074560165405,0.805762767791748,0.8442215919494629,0.8532800674438477,0.8487680554389954,behaviour
149,There needs to be a strong element of trust between entrepreneur and mentor This can only be built up over time but requires open and honest conversations from the outset,120,0.7266281843185425,0.5547288656234741,0.8341788649559021,0.6559398174285889,0.686815083026886,strategy
150,I am looking to mentor people who have a passion about starting their businsesses I want to make sure that people who I mentor have all the support and tools to help them become successful And my biggest expectation in mentoring people is to work with those who are looking for their purpose and destiny to help others on their business journey,120,0.5937678813934326,0.7202068567276001,0.4009323716163635,0.6652445793151855,0.6176846027374268,outcome
151,إدارة الأموال والأعمال,120,0.8224747180938721,0.8641031980514526,0.7379418611526489,0.849082887172699,0.8314037322998047,outcome
152,Satisfacción del emprendedor Paciencia y apertura a los cambios Crítica constructiva lluvia de ideas,119,0.8563086986541748,0.8390671610832214,0.7804558277130127,0.8603163957595825,0.851513147354126,knowledge
153,Time allocation is very key for me Ready take the lead after every session,119,0.8675066232681274,0.7920482158660889,0.8800628781318665,0.8277397155761719,0.8450809717178345,strategy
154,I want to raise a great entrepreneurs from my network,117,0.9074187278747559,0.8083912134170532,0.9349892139434814,0.8701431751251221,0.8888970613479614,strategy
155,Mentoring is always a help to others and learning for self,117,0.8827516436576843,0.8520104289054871,0.8537743091583252,0.8771116733551025,0.8781882524490356,behaviour
156,To see all entrepreneurs succeed,116,0.8386770486831665,0.7037824988365173,0.9162858724594116,0.7699042558670044,0.8062871098518372,strategy
157,My primary expectation is that you are genuinely interested in giving yourself the best chance to succeed I have found in my own experience that there are no guarantees to success nor any foolproof formulas to making all your dreams come true Unless you re born into money with a huge network of powerful friends or family or you win some kind of lottery there is no other option but to do your best and be prepared to repeatedly pick yourself up off the floor every time you get knocked down And you will get knocked down many times If you have an amazing idea or product that nobody else is offering and will take the world by storm then you won t need a mentor to get you started Very few of us are ever likely to be in that situation so if you think you are then stop wasting your time talking about the idea and go out and make it a reality The other expectation I have is the need for you to be realistic in your own expectations Your ability to understand your own goals and the resources you have to help you get to where you want to go is crucial when it comes to mapping out a strategy and a path to the next step Some people strike it lucky but the great majority of us struggle to make it work Know what you re getting yourself into hope for the best but plan for the worst And never give up,116,0.7263497114181519,0.7976823449134827,0.5801435708999634,0.7692123651504517,0.7374565601348877,outcome
158,When you are good everyone and everything else will be good as well What I take into account when choosing the 2 people I work with per month is The level of commitment to your well being What I can bring to you is my experience and the guidance of specialized coaching but the results and the answers which you already have are found in the degree of knowledge you gain about yourself The deeper you go into your system of thoughts and emotions the more fulfilment and success you will attract into your life For my part you can count on me to be always a message away whenever you feel you want to share the experience of your process in its ups and downs The second thing is that I respect the time and energy of both The constancy and punctuality in the sessions will be a faithful reflection of this Cuando tú estás bien todos y todo lo demás estará bien Lo que tomo en cuenta para elegir a las 2 personas con las que trabajo al mes es El nivel de compromiso con su bienestar Lo que yo puedo aportarte es mi experiencia y la guía de un coaching especializado pero los resultados y las respuestas que ya tienes las encuentras en el grado de conocimiento que ganes de ti misma Cuanto más profundo vallas en tu sistema de pensamientos y emociones mayor plenitud y éxito atraerás a tu vida Por mi parte puedes contar con que estaré siempre a un mensaje de distancia cuando sientas que quieres compartir la experiencia de tu proceso en sus altas y en sus bajas Lo segundo es que respeto del tiempo y la energía de ambas La constancia y puntualidad en las sesiones será un fiel reflejo de ello,115,0.14492523670196533,0.31190890073776245,-0.07897333055734634,0.24118375778198242,0.17347019910812378,outcome
159,Disposición y una Mente Abierta Las estrategias de Comunicación o Marketing surgen siempre del propio entorno del emprendedor del medio que ya conoce Sólo te ayudo a poner orden y claridad,115,0.8652394413948059,0.781367301940918,0.8947558403015137,0.8336129188537598,0.8409665822982788,strategy
160,Espero que mis experiencias aporten valor y cambios significativos a las ideas o negocios de los emprendedores,114,0.8636413812637329,0.8303301334381104,0.8016327619552612,0.875420868396759,0.8502665758132935,knowledge
161,First and most importantly due diligence is necessary If you ve done all the research prepared a business plan performed a SWOT analysis on your business and yourself then you are ready You will know which specific areas you need mentoring and what specific questions you need answered Preparation is very important,114,0.5828112363815308,0.7257951498031616,0.41763192415237427,0.6326199173927307,0.6253197193145752,outcome
162,Any better understanding of a new business idea or growth of a running one is a success The main goal of a mentoring relationship is to help the entrepreneur a step ahead in their journey,114,0.921039879322052,0.8929317593574524,0.9159554243087769,0.9085102677345276,0.9292397499084473,mutual
163,Me interesa que el aprendiz sea capaz de desarrollar sus propias habilidades tanto desde la incorporación de contenidos como en el descubrimiento de tu mayor potencialidad Que logre resolver sus desafíos a partir de aplicar estrategias y herramientas y las incorporte a su mindset emprendedor,113,0.7893951535224915,0.8151463866233826,0.6510777473449707,0.8199372887611389,0.7868703603744507,knowledge
164,Compromiso,113,0.8159200549125671,0.8333243727684021,0.7255160808563232,0.8273299932479858,0.8167593479156494,outcome
165,استراتيجية النجاح win win فريق عمل واحد المهنية,113,0.7825565338134766,0.8156143426895142,0.6883449554443359,0.8054194450378418,0.7842892408370972,outcome
166,Respeto del tiempo siempre se puede hacer más dinero pero NO se puede hacer más tiempo,112,0.8134646415710449,0.699077844619751,0.8686758875846863,0.7713004350662231,0.7873387932777405,strategy
167,1 Comunicación abierta 2 Definir las expectativas 4 Mantener la coherencia en las actividades 5 Honestidad mutua 6 Co creación colaboración mutua para la creatividad 7 Ser positivos 8 Ser confiable y consistente 9 Compromiso y responsabilidad,110,0.7794824242591858,0.8155609965324402,0.6496140360832214,0.806411862373352,0.7824907302856445,outcome
168,To be aggressive and eager to learn,108,0.8727008104324341,0.7824572920799255,0.9000935554504395,0.8310660719871521,0.8517348766326904,strategy
169,Komitmen dan sabar serta berpikiran terbuka,108,0.8378888368606567,0.7893897891044617,0.7781741619110107,0.8226690888404846,0.8251951336860657,behaviour
170,Commitment,108,0.5094531178474426,0.6482834815979004,0.32383912801742554,0.5802954435348511,0.5320227146148682,outcome
171,Better relationship business before anything in the world let s make it a better place,108,0.8491719961166382,0.767837643623352,0.8682807087898254,0.8210537433624268,0.8371938467025757,strategy
172,Feedback constructivo es decir retroalimentación que nos permita crecer a ambos Que la persona o negocio que ayude se impulse y anime a superar etapas miedos dudas y alcance el siguiente nivel,108,0.7566887736320496,0.7841371893882751,0.6376497745513916,0.785268247127533,0.7631511092185974,knowledge
173,An effective exchange of ideas and the transfer of lessons learned that would benefit the mentee,107,0.8496280908584595,0.8572606444358826,0.7825247049331665,0.8637759685516357,0.8575308322906494,knowledge
174,Build trust and both sides need to be open minded and respectful,107,0.8866419792175293,0.7788600921630859,0.9432952404022217,0.832402229309082,0.8711798787117004,strategy
175,That 1 specific questions be asked and 2 that the ones being mentored values the session or sessions by actually implementing the advice given,107,0.8531845808029175,0.7713336944580078,0.8428266048431396,0.8347678184509277,0.8282879590988159,behaviour
176,Tener la posibilidad de ayudar a alguien que necesita guía empresarial y hacer del mundo de los negocios un lugar un poquito mas sano y amigable,106,0.8189424276351929,0.8389283418655396,0.7272579669952393,0.8551326990127563,0.8228625655174255,knowledge
177,ان شاء الله خير,106,0.7143685817718506,0.8077046871185303,0.5737711191177368,0.7544697523117065,0.7428386211395264,outcome
178,To be able to help someone as well as their business,105,0.874638557434082,0.8059289455413818,0.8889410495758057,0.8538260459899902,0.8607461452484131,strategy
179,It is so easy to login on the PLATFORM for updates I get email notifications I also communicate by Google Chat and Email,105,0.7588229179382324,0.6021645665168762,0.8332538604736328,0.6958471536636353,0.7221105098724365,strategy
180,Por ética profesional no atiendo emprendedores con Agencias de Marketing Digital o similares muchas gracias por tu comprensión De inicio espero y ofrezco honestidad es decir Si mi trabajo te puede servir estoy a tus órdenes y si no lo consideras así espero con apertura saberlo desde un inicio De igual forma recibirás esa retroalimentación de mi parte hacia tu negocio En caso de lograr una conexión profesional me comprometo a involucrarme lo necesario con tu proyecto y espero recibir de tu parte la atención y seguimiento requerido para que la relación rinda frutos,104,0.7964105606079102,0.8153683543205261,0.6895312070846558,0.820092499256134,0.7903597354888916,knowledge
181,Espero verte crecer paso a paso o rápido Todos los que han pasado por mí siempre han crecido,104,0.7674801349639893,0.6254819631576538,0.8238274455070496,0.7130680084228516,0.7283532619476318,strategy
182,poder ayudar en lo mas que se pueda a resolver la situación de los emprendedores generando un cambio positivo en sus negocios en sus vidas y en su entorno,103,0.8357892036437988,0.8339588642120361,0.7626523375511169,0.8569607734680176,0.8339918851852417,knowledge
183,ayudar a mi comunidad,102,0.7748656272888184,0.8357398509979248,0.674574613571167,0.8225696086883545,0.7877517938613892,outcome
184,looking forward to good relationship,101,0.8604017496109009,0.800926685333252,0.8345193266868591,0.8430382609367371,0.8527768850326538,behaviour
185,Clear idea already and willingness to put in the work Please do not contact me with questions like I want to make xxxx Or I want to start a digital advertising online marketing agency,101,0.8278362154960632,0.7542888522148132,0.8135459423065186,0.8119567632675171,0.8064821362495422,behaviour
186,I work with entrepreneurs that have AT LEAST ONE YEAR OR MORE of operation of a business and need help in analyzing how they can make the business sustainable and profitable We have once a month conversations in which we look at your current situation issues you are having and possible solutions for any problems Then I ask that you identify two or three actions you will work on during the following month In the next conversation we discuss your progress In the US Mexico and Canada we communicate via a phone call or Zoom In all other countries we communicate using WhatsApp Skype or other Internet based app You will need sufficient phone credits for each hour long monthly call IMPORTANT If you do not have AT LEAST ONE YEAR of operation of your enterprise please search for a mentor that specializes in working with starting businesses They can help you develop a business plan and cash flow budgets to help you get a good start Then after your first year of operation if you need assistance in planning for growing the business please contact me and we can discuss the possibility of a mentoring relationship Here are some resources for creating a Business Plan and a Two Year Cash Flow Budget for starting your business Business Plan Resources https www youtube com results search_query 22business plan 22 Cash Flow Budget Resources https www youtube com results search_query 22cash flow forecast 22 Here are resources for preparing an Income Expense Statement and Balance Sheet for your most recent year of production Income and Expense Statement https www youtube com results search_query 22business income expense statement 22 Balance Sheet https www youtube com results search_query 22business balance sheet 22,101,0.6765645146369934,0.7414891123771667,0.5391387939453125,0.7209703922271729,0.6840205788612366,outcome
187,A willingness to learn and follow up with response as to the outcome Must be coachable teachable mentorable and willing to work had for the desired outcome Limited time so must also be quite prepared for the call zoom or communication,100,0.8384402394294739,0.829060971736908,0.747596800327301,0.8499194383621216,0.826758623123169,knowledge
188,Valor de la información,100,0.7525750994682312,0.8384907841682434,0.6408187747001648,0.7939545512199402,0.7751269340515137,outcome
189,Commitment Dedication and Determination,100,0.6820653080940247,0.7879577279090881,0.5201739072799683,0.7360972166061401,0.7025077939033508,outcome
190,Success of my mentee,99,0.864374041557312,0.8460689187049866,0.8194801211357117,0.8583126068115234,0.8558158874511719,behaviour
191,Willingness to learn and undying passion for success from my mentee,99,0.8655645847320557,0.8399757146835327,0.8050089478492737,0.8673667311668396,0.8484510183334351,knowledge
192,Que exista un propósito y compromiso de crecimiento diario Que esté obsesionado con el crecimiento de su idea de negocio,99,0.7422517538070679,0.82182776927948,0.6311663389205933,0.7793671488761902,0.7561933994293213,outcome
193,Que se nos permita guíar se tome en cuenta nuestra opinión y que ambos crezcamos juntos obteniendo resultados positivos en el proceso,99,0.8384140133857727,0.8169045448303223,0.7613304853439331,0.8538699746131897,0.83327317237854,knowledge
194,Resultados Compromiso del emprendedor Seriedad,98,0.8192112445831299,0.8232740163803101,0.7428303956985474,0.8335874080657959,0.8110421299934387,knowledge
195,El compromiso de la persona a la cual voy a ayudar como Mentora,97,0.8181496858596802,0.8182488679885864,0.7194332480430603,0.8435820937156677,0.8092684745788574,knowledge
196,Mi intención es que juntos logremos que pases De emprendedor a EMPRESARIO,97,0.7355542182922363,0.7825471758842468,0.622025728225708,0.7659003734588623,0.7291207313537598,outcome
197,To work with entrepreneurs who have the ability to pivot their goals their business and themselves,97,0.9177697896957397,0.9078360199928284,0.8770684599876404,0.9140010476112366,0.9281220436096191,mutual
198,Be open and be natural Be honest and clear about the current situations and future goals,97,0.8796737790107727,0.8527494668960571,0.8535347580909729,0.879226803779602,0.8685203790664673,behaviour
199,De una relación de mentoría exitosa espero una comunicación abierta honesta y constante donde pueda compartir ideas incluso aquellas que desafíen mis propias perspectivas La clave está en que el mentor sea adaptable capaz de personalizar su enfoque según mis necesidades específicas y de ofrecerme consejos prácticos y directos Lo que realmente valoro es que el mentor no solo comparta conocimientos teóricos sino que también me brinde oportunidades reales para aplicar lo aprendido ya sea mediante la participación en proyectos o facilitándome el acceso a redes profesionales relevantes Esa interacción práctica me permite poner a prueba mis habilidades recibir retroalimentación valiosa y expandir mis horizontes Para mí una mentoría exitosa es aquella que va más allá de las palabras es un proceso continuo de crecimiento y aprendizaje donde el mentor se convierte en un aliado estratégico que me apoya en cada paso de mi camino ayudándome a enfrentar los desafíos y avanzar en mis objetivos con confianza,96,0.6298743486404419,0.7439103126525879,0.4510377049446106,0.6988891959190369,0.654714822769165,outcome
